# Yahoo HIGH SCORE oyuncu siralamasi (DEGER siralamasi, ADP DEGIL) — kullanici tarafindan yapistirildi, 2026-09-29.
# rank	oyuncu	pozisyonlar	takim
1	Nikola Jokic	C	DEN
2	Luka Doncic	PG,SG	LAL
3	Victor Wembanyama	C	SAS
4	Giannis Antetokounmpo	PF,C	MIA
5	Shai Gilgeous-Alexander	PG	OKC
6	Cade Cunningham	PG,SG	DET
7	Jayson Tatum	SF,PF	BOS
8	Jalen Johnson	PF,SF	ATL
9	Anthony Edwards	PG,SF,SG	MIN
10	Tyrese Maxey	PG,SG	PHI
11	Tyrese Haliburton	PG,SG	IND
12	Cooper Flagg	PF,SF,SG	DAL
13	Trae Young	PG	WAS
14	Donovan Mitchell	PG,SG	CLE
15	Alperen Sengun	C,PF	HOU
16	LaMelo Ball	PG	MIN
17	Anthony Davis	PF,C	WAS
18	Scottie Barnes	C,PF,SF,SG	TOR
19	Jamal Murray	PG	DEN
20	Stephen Curry	PG	GSW
21	Josh Giddey	PG,SG,SF	CHI
22	Karl-Anthony Towns	PF,C	NYK
23	Paolo Banchero	PF,SF	ORL
24	LeBron James	SF,PF	PHI
25	Austin Reaves	PG,SF,SG	LAL
26	Kevin Durant	PF,SF,SG	HOU
27	Jalen Brunson	PG	NYK
28	Kawhi Leonard	PF,SF,SG	TOR
29	Amen Thompson	PG,SF,SG	HOU
30	Bam Adebayo	C,PF	MIA
31	James Harden	PG,SG	CLE
32	Devin Booker	PG,SG	PHO
33	Jaylen Brown	PF,SF,SG	PHI
34	Domantas Sabonis	C,PF	SAC
35	Deni Avdija	PF,SF,SG	POR
36	Kyrie Irving	PG	DAL
37	Keyonte George	PG,SG	UTH
38	Joel Embiid	C	PHI
39	Evan Mobley	PF,C	CLE
40	Jalen Duren	C	DET
41	Lauri Markkanen	SF,PF	UTH
42	Trey Murphy III	PF,SF,SG	NOR
43	Chet Holmgren	PF,C	OKC
44	Stephon Castle	PG,SG	SAS
45	Brandon Miller	PF,SF,SG	CHA
46	Jalen Williams	PF,SF,SG	OKC
47	Walker Kessler	C	LAL
48	Darius Garland	PG	LAC
49	Jaren Jackson Jr.	PF,C	UTH
50	Pascal Siakam	C,PF,SF	IND
51	Michael Porter Jr.	SF,PF	BKN
52	Ja Morant	PG	POR
53	Dejounte Murray	PG,SG	NOR
54	Zion Williamson	C,PF	NOR
55	Julius Randle	PF	BKN
56	Tyler Herro	PG,SG	MIL
57	Desmond Bane	SG,SF	ORL
58	Nickeil Alexander-Walker	PG,SG	ATL
59	Brandon Ingram	SG,SF,PF	LAC
60	De'Aaron Fox	PG,SG	SAS
61	Franz Wagner	PF,SF	ORL
62	Damian Lillard	PG	POR
63	Coby White	PG,SG	CHA
64	Dyson Daniels	PG,SF,SG	ATL
65	Ryan Rollins	PG,SG	MIL
66	Derrick White	PG,SG	BOS
67	Onyeka Okongwu	C	ATL
68	Matas Buzelis	SF,PF	CHI
69	Ausar Thompson	PF,SF,SG	DET
70	Cameron Boozer	PF	MEM
71	Naz Reid	PF,C	CHA
72	Kel'el Ware	C	MIL
73	Alex Sarr	C,PF	WAS
74	Paul George	PF,SF	BOS
75	Kon Knueppel	SF,SG	CHA
76	Payton Pritchard	PG,SG	BOS
77	Derik Queen	C,PF	NOR
78	Immanuel Quickley	PG,SG	TOR
79	Donovan Clingan	C	POR
80	Zach Edey	C	MEM
81	RJ Barrett	PF,SF,SG	TOR
82	Norman Powell	SG,SF	CHI
83	Jarrett Allen	C	CLE
84	AJ Dybantsa	SF	WAS
85	Ivica Zubac	C	IND
86	Rudy Gobert	C	MIN
87	Darius Acuff Jr.	PG	SAC
88	OG Anunoby	SF,PF	NYK
89	Caleb Wilson	PF,SF	CHI
90	VJ Edgecombe	PG,SG	PHI
91	Dylan Harper	PG,SG	SAS
92	Cedric Coward	SF,SG	MEM
93	Josh Hart	SF,SG	NYK
94	Miles Bridges	SF,PF	PHO
95	Jalen Suggs	PG,SG	ORL
96	Day'Ron Sharpe	C	BKN
97	Jaden McDaniels	PF,SF	MIN
98	Andrew Wiggins	PF,SF,SG	MIA
99	Nic Claxton	C	CHI
100	Keegan Murray	SF,PF	SAC
101	Jusuf Nurkic	C	UTH
102	Zach LaVine	PG,SF,SG	SAC
103	Jalen Green	SF,SG	PHO
104	CJ McCollum	PG,SG	ATL
105	Darryn Peterson	PG,SG	UTH
106	Myles Turner	C	MIL
107	Collin Murray-Boyles	C,PF	TOR
108	Khaman Maluach	C	PHO
109	Davion Mitchell	PG	MIA
110	Jabari Smith Jr.	C,PF	HOU
111	Mikal Bridges	PF,SF,SG	NYK
112	Kyshawn George	PF,SF,SG	WAS
113	Jonathan Kuminga	PF,SF	MIN
114	Andrew Nembhard	PG,SG	IND
115	Kevin Porter Jr.	PG,SG	MIL
116	Isaiah Hartenstein	C	OKC
117	Brandin Podziemski	PG,SG	GSW
118	Collin Gillespie	PG,SG	PHO
119	Fred VanVleet	PG,SG	HOU
120	Peyton Watson	SF,PF	CLE
121	Ajay Mitchell	PG,SG	OKC
122	Egor Demin	PG,SG	BKN
123	Ayo Dosunmu	PG,SF,SG	MIN
124	Quentin Grimes	SG,SF	LAL
125	Anthony Black	PG,SG,SF	ORL
126	DeMar DeRozan	PF,SF	DEN
127	Jimmy Butler III	PF,SF,SG	GSW
128	Ty Jerome	PG,SG	MEM
129	John Collins	PF,C	DET
130	Neemias Queta	C	BOS
131	Aaron Gordon	PF,C	DEN
132	Jakob Poeltl	C	TOR
133	Tre Jones	PG,SG	CHI
134	Jaime Jaquez Jr.	PF,SF,SG	MIL
135	Kristaps Porzingis	PF,C	GSW
136	Wendell Carter Jr.	C	ORL
137	Draymond Green	PF,C	GSW
138	Bobby Portis Jr.	PF,C	MIA
139	Yaxel Lendeborg	PF,SF	GSW
140	Dillon Brooks	PF,SF,SG	PHO
141	Ace Bailey	PF,SF	UTH
142	Mikel Brown Jr.	PG	BKN
143	Pelle Larsson	SG,SF	MIA
144	Bennedict Mathurin	SG,SF	NOR
145	Kyle Kuzma	SF,PF	MIL
146	Moussa Diabate	PF,C	CHA
147	Cameron Johnson	PF,SF	DEN
148	Cason Wallace	PG,SF,SG	OKC
149	Reed Sheppard	PG,SG	HOU
150	Isaiah Collier	PG,SG	UTH
151	Jeremiah Fears	PG,SG	NOR
152	Yves Missi	C	NOR
153	Gui Santos	SF,PF	GSW
154	Sandro Mamukelashvili	PF,C	LAL
155	Jrue Holiday	PG,SG	POR
156	Devin Vassell	SG,SF	SAS
157	Tobias Harris	PF,SF	SAS
158	Kelly Oubre Jr.	PF,SF,SG	IND
159	Naji Marshall	PF,SF,SG	DAL
160	P.J. Washington Jr.	C,PF,SF	DAL
161	Maxime Raynaud	C	SAC
162	Scoot Henderson	PG,SG	POR
163	Anfernee Simons	PG,SG	PHI
164	Toumani Camara	PF,SF	POR
165	Nikola Vucevic	C	ORL
166	Jerami Grant	SF,PF	MEM
167	Jared McCain	PG,SG	OKC
168	Herbert Jones	PF,SF,SG	NOR
169	Jake LaRavia	SF,PF	LAL
170	Jordan Poole	PG,SG	NOR
171	Scotty Pippen Jr.	PG,SG	MEM
172	Christian Braun	PF,SF,SG	DEN
173	Tari Eason	PF,SF,SG	HOU
174	Santi Aldama	PF,SF	DAL
175	Saddiq Bey	SF,PF	NOR
176	GG Jackson II	C,PF,SF	MEM
177	Paul Reed	C,PF	DET
178	Aaron Nesmith	PF,SF,SG	IND
179	Grayson Allen	PG,SF,SG	CHA
180	Will Riley	PF,SF	WAS
181	Nique Clifford	SF,SG	SAC
182	Klay Thompson	SG,SF	MIA
183	Tre Johnson	PG,SF,SG	WAS
184	Malik Monk	PG,SG	SAC
185	Duncan Robinson	SG,SF	DET
186	Brook Lopez	C	LAC
187	Daniss Jenkins	PG,SG	DET
188	Collin Sexton	PG,SG	LAL
189	Deandre Ayton	C	WAS
190	Joan Beringer	C,PF	MIN
191	Derrick Jones Jr.	SF,PF	LAC
192	Isaiah Stewart	C,PF	MEM
193	Dylan Cardwell	C,PF	SAC
194	Keaton Wagler	PG,SG	LAC
195	Julian Champagnie	PF,SF,SG	SAS
196	De'Andre Hunter	SF,PF	SAC
197	Jaylen Wells	SF,SG	MEM
198	Bilal Coulibaly	SG,SF	WAS
199	Dereck Lively II	C	DAL
200	Kyle Filipowski	C,PF	UTH
